{
        " 3-1993": null,
        " 3-1994": null,
        " 3-1995": null,
        " 3-1996": null,
        " 3-1997": null,
        " 3-1998": null,
        " 3-1999": null,
        " 3-2000": null,
        " 3-2001": null,
        " 3-2002": null,
        " 3-2003": null,
        " 3-2004": null,
        " 3-2005": 1114.936656,
        " 3-2006": 1319.917662,
        " 3-2007": 1665.740223,
        " 3-2008": 1635.277061,
        " 3-2009": 1340.9259869999999,
        " 3-2010": 1377.50362703,
        " 3-2011": 1615.1515023679997,
        " 3-2012": 1703.75650384,
        " 3-2013": 1611.258,
        " 3-2014": 1646.98306
}
